X;CH1;CH2;Start;Increment
Sequence;Volt;Volt;-6,00E-06;1,00E-08
0;8,00E-03;3,20E+00;;
1;8,00E-03;3,20E+00;;
2;8,00E-03;3,12E+00;;
3;8,00E-03;3,12E+00;;
4;8,00E-03;3,04E+00;;
5;8,00E-03;3,04E+00;;
6;1,00E-02;2,88E+00;;
7;1,00E-02;2,88E+00;;
8;1,00E-02;2,80E+00;;
9;1,00E-02;2,80E+00;;
10;8,00E-03;2,72E+00;;
11;8,00E-03;2,72E+00;;
12;1,20E-02;2,64E+00;;
13;1,20E-02;2,64E+00;;
14;1,00E-02;2,48E+00;;
15;1,00E-02;2,48E+00;;
16;1,00E-02;2,40E+00;;
17;1,00E-02;2,40E+00;;
18;1,40E-02;2,24E+00;;
19;1,40E-02;2,24E+00;;
20;1,20E-02;2,16E+00;;
21;1,20E-02;2,16E+00;;
22;1,20E-02;2,08E+00;;
23;1,20E-02;2,08E+00;;
24;1,40E-02;1,92E+00;;
25;1,40E-02;1,92E+00;;
26;1,60E-02;1,84E+00;;
27;1,60E-02;1,84E+00;;
28;1,40E-02;1,68E+00;;
29;1,40E-02;1,68E+00;;
30;1,80E-02;1,60E+00;;
31;1,80E-02;1,60E+00;;
32;1,60E-02;1,44E+00;;
33;1,60E-02;1,44E+00;;
34;1,60E-02;1,36E+00;;
35;1,60E-02;1,36E+00;;
36;1,80E-02;1,28E+00;;
37;1,80E-02;1,28E+00;;
38;2,00E-02;1,12E+00;;
39;2,00E-02;1,12E+00;;
40;1,60E-02;1,04E+00;;
41;1,60E-02;1,04E+00;;
42;2,00E-02;8,80E-01;;
43;2,00E-02;8,80E-01;;
44;2,20E-02;7,20E-01;;
45;2,20E-02;7,20E-01;;
46;2,20E-02;6,40E-01;;
47;2,20E-02;6,40E-01;;
48;2,40E-02;4,80E-01;;
49;2,40E-02;4,80E-01;;
50;2,40E-02;4,00E-01;;
51;2,40E-02;4,00E-01;;
52;2,40E-02;2,40E-01;;
53;2,40E-02;2,40E-01;;
54;2,80E-02;1,60E-01;;
55;2,80E-02;1,60E-01;;
56;2,80E-02;0,00E+00;;
57;2,80E-02;0,00E+00;;
58;2,40E-02;-8,00E-02;;
59;2,40E-02;-8,00E-02;;
60;2,80E-02;-2,40E-01;;
61;2,80E-02;-2,40E-01;;
62;3,20E-02;-3,20E-01;;
63;3,20E-02;-3,20E-01;;
64;3,20E-02;-4,80E-01;;
65;3,20E-02;-4,80E-01;;
66;3,40E-02;-6,40E-01;;
67;3,40E-02;-6,40E-01;;
68;3,80E-02;-7,20E-01;;
69;3,80E-02;-7,20E-01;;
70;4,00E-02;-8,80E-01;;
71;4,00E-02;-8,80E-01;;
72;4,60E-02;-9,60E-01;;
73;4,60E-02;-9,60E-01;;
74;5,00E-02;-1,12E+00;;
75;5,00E-02;-1,12E+00;;
76;5,20E-02;-1,20E+00;;
77;5,20E-02;-1,20E+00;;
78;5,80E-02;-1,36E+00;;
79;5,80E-02;-1,36E+00;;
80;6,60E-02;-1,44E+00;;
81;6,60E-02;-1,44E+00;;
82;6,80E-02;-1,60E+00;;
83;6,80E-02;-1,60E+00;;
84;7,20E-02;-1,68E+00;;
85;7,20E-02;-1,68E+00;;
86;7,80E-02;-1,84E+00;;
87;7,80E-02;-1,84E+00;;
88;8,00E-02;-2,00E+00;;
89;8,00E-02;-2,00E+00;;
90;8,40E-02;-2,00E+00;;
91;8,40E-02;-2,00E+00;;
92;9,20E-02;-2,16E+00;;
93;9,20E-02;-2,16E+00;;
94;9,60E-02;-2,32E+00;;
95;9,60E-02;-2,32E+00;;
96;1,02E-01;-2,40E+00;;
97;1,02E-01;-2,40E+00;;
98;1,20E-01;-2,48E+00;;
99;1,20E-01;-2,48E+00;;
100;1,46E-01;-2,64E+00;;
101;1,46E-01;-2,64E+00;;
102;1,68E-01;-2,72E+00;;
103;1,68E-01;-2,72E+00;;
104;1,76E-01;-2,80E+00;;
105;1,76E-01;-2,80E+00;;
106;1,64E-01;-2,96E+00;;
107;1,64E-01;-2,96E+00;;
108;1,48E-01;-3,04E+00;;
109;1,48E-01;-3,04E+00;;
110;1,28E-01;-3,12E+00;;
111;1,28E-01;-3,12E+00;;
112;1,08E-01;-3,20E+00;;
113;1,08E-01;-3,20E+00;;
114;9,00E-02;-3,28E+00;;
115;9,00E-02;-3,28E+00;;
116;7,60E-02;-3,36E+00;;
117;7,60E-02;-3,36E+00;;
118;6,20E-02;-3,52E+00;;
119;6,20E-02;-3,52E+00;;
120;4,80E-02;-3,60E+00;;
121;4,80E-02;-3,60E+00;;
122;4,00E-02;-3,60E+00;;
123;4,00E-02;-3,60E+00;;
124;2,80E-02;-3,76E+00;;
125;2,80E-02;-3,76E+00;;
126;2,00E-02;-3,84E+00;;
127;2,00E-02;-3,84E+00;;
128;1,80E-02;-3,92E+00;;
129;1,80E-02;-3,92E+00;;
130;1,20E-02;-4,00E+00;;
131;1,20E-02;-4,00E+00;;
132;8,00E-03;-4,00E+00;;
133;8,00E-03;-4,00E+00;;
134;8,00E-03;-4,08E+00;;
135;8,00E-03;-4,08E+00;;
136;4,00E-03;-4,24E+00;;
137;4,00E-03;-4,24E+00;;
138;4,00E-03;-4,32E+00;;
139;4,00E-03;-4,32E+00;;
140;4,00E-03;-4,32E+00;;
141;4,00E-03;-4,32E+00;;
142;2,00E-03;-4,40E+00;;
143;2,00E-03;-4,40E+00;;
144;2,00E-03;-4,48E+00;;
145;2,00E-03;-4,48E+00;;
146;4,00E-03;-4,48E+00;;
147;4,00E-03;-4,48E+00;;
148;0,00E+00;-4,56E+00;;
149;0,00E+00;-4,56E+00;;
150;0,00E+00;-4,64E+00;;
151;0,00E+00;-4,64E+00;;
152;0,00E+00;-4,64E+00;;
153;0,00E+00;-4,64E+00;;
154;0,00E+00;-4,72E+00;;
155;0,00E+00;-4,72E+00;;
156;-2,00E-03;-4,72E+00;;
157;-2,00E-03;-4,72E+00;;
158;0,00E+00;-4,72E+00;;
159;0,00E+00;-4,72E+00;;
160;-2,00E-03;-4,88E+00;;
161;-2,00E-03;-4,88E+00;;
162;-2,00E-03;-4,80E+00;;
163;-2,00E-03;-4,80E+00;;
164;0,00E+00;-4,80E+00;;
165;0,00E+00;-4,80E+00;;
166;-2,00E-03;-4,96E+00;;
167;-2,00E-03;-4,96E+00;;
168;-4,00E-03;-4,88E+00;;
169;-4,00E-03;-4,88E+00;;
170;0,00E+00;-4,88E+00;;
171;0,00E+00;-4,88E+00;;
172;0,00E+00;-4,88E+00;;
173;0,00E+00;-4,88E+00;;
174;-2,00E-03;-4,96E+00;;
175;-2,00E-03;-4,96E+00;;
176;-2,00E-03;-4,96E+00;;
177;-2,00E-03;-4,96E+00;;
178;-2,00E-03;-5,04E+00;;
179;-2,00E-03;-5,04E+00;;
180;-2,00E-03;-5,04E+00;;
181;-2,00E-03;-5,04E+00;;
182;-2,00E-03;-5,04E+00;;
183;-2,00E-03;-5,04E+00;;
184;-2,00E-03;-5,04E+00;;
185;-2,00E-03;-5,04E+00;;
186;-4,00E-03;-5,04E+00;;
187;-4,00E-03;-5,04E+00;;
188;-2,00E-03;-4,96E+00;;
189;-2,00E-03;-4,96E+00;;
190;-2,00E-03;-4,96E+00;;
191;-2,00E-03;-4,96E+00;;
192;-4,00E-03;-4,88E+00;;
193;-4,00E-03;-4,88E+00;;
194;-2,00E-03;-4,96E+00;;
195;-2,00E-03;-4,96E+00;;
196;-2,00E-03;-4,88E+00;;
197;-2,00E-03;-4,88E+00;;
198;-4,00E-03;-4,88E+00;;
199;-4,00E-03;-4,88E+00;;
200;-2,00E-03;-4,80E+00;;
201;-2,00E-03;-4,80E+00;;
202;-4,00E-03;-4,80E+00;;
203;-4,00E-03;-4,80E+00;;
204;-6,00E-03;-4,80E+00;;
205;-6,00E-03;-4,80E+00;;
206;-4,00E-03;-4,80E+00;;
207;-4,00E-03;-4,80E+00;;
208;-4,00E-03;-4,72E+00;;
209;-4,00E-03;-4,72E+00;;
210;-8,00E-03;-4,64E+00;;
211;-8,00E-03;-4,64E+00;;
212;-4,00E-03;-4,64E+00;;
213;-4,00E-03;-4,64E+00;;
214;-4,00E-03;-4,56E+00;;
215;-4,00E-03;-4,56E+00;;
216;-6,00E-03;-4,56E+00;;
217;-6,00E-03;-4,56E+00;;
218;-4,00E-03;-4,48E+00;;
219;-4,00E-03;-4,48E+00;;
220;-4,00E-03;-4,48E+00;;
221;-4,00E-03;-4,48E+00;;
222;-6,00E-03;-4,40E+00;;
223;-6,00E-03;-4,40E+00;;
224;-4,00E-03;-4,32E+00;;
225;-4,00E-03;-4,32E+00;;
226;-6,00E-03;-4,24E+00;;
227;-6,00E-03;-4,24E+00;;
228;-8,00E-03;-4,16E+00;;
229;-8,00E-03;-4,16E+00;;
230;-8,00E-03;-4,08E+00;;
231;-8,00E-03;-4,08E+00;;
232;-6,00E-03;-4,00E+00;;
233;-6,00E-03;-4,00E+00;;
234;-8,00E-03;-3,92E+00;;
235;-8,00E-03;-3,92E+00;;
236;-8,00E-03;-3,84E+00;;
237;-8,00E-03;-3,84E+00;;
238;-8,00E-03;-3,76E+00;;
239;-8,00E-03;-3,76E+00;;
240;-1,00E-02;-3,76E+00;;
241;-1,00E-02;-3,76E+00;;
242;-1,00E-02;-3,60E+00;;
243;-1,00E-02;-3,60E+00;;
244;-1,00E-02;-3,60E+00;;
245;-1,00E-02;-3,60E+00;;
246;-1,20E-02;-3,52E+00;;
247;-1,20E-02;-3,52E+00;;
248;-1,00E-02;-3,36E+00;;
249;-1,00E-02;-3,36E+00;;
250;-1,00E-02;-3,28E+00;;
251;-1,00E-02;-3,28E+00;;
252;-1,40E-02;-3,20E+00;;
253;-1,40E-02;-3,20E+00;;
254;-1,20E-02;-3,12E+00;;
255;-1,20E-02;-3,12E+00;;
256;-1,00E-02;-3,04E+00;;
257;-1,00E-02;-3,04E+00;;
258;-1,20E-02;-2,96E+00;;
259;-1,20E-02;-2,96E+00;;
260;-1,40E-02;-2,80E+00;;
261;-1,40E-02;-2,80E+00;;
262;-1,20E-02;-2,72E+00;;
263;-1,20E-02;-2,72E+00;;
264;-1,40E-02;-2,56E+00;;
265;-1,40E-02;-2,56E+00;;
266;-1,40E-02;-2,48E+00;;
267;-1,40E-02;-2,48E+00;;
268;-1,20E-02;-2,40E+00;;
269;-1,20E-02;-2,40E+00;;
270;-1,60E-02;-2,24E+00;;
271;-1,60E-02;-2,24E+00;;
272;-1,60E-02;-2,16E+00;;
273;-1,60E-02;-2,16E+00;;
274;-1,40E-02;-2,08E+00;;
275;-1,40E-02;-2,08E+00;;
276;-1,80E-02;-1,92E+00;;
277;-1,80E-02;-1,92E+00;;
278;-1,80E-02;-1,84E+00;;
279;-1,80E-02;-1,84E+00;;
280;-1,80E-02;-1,68E+00;;
281;-1,80E-02;-1,68E+00;;
282;-2,00E-02;-1,60E+00;;
283;-2,00E-02;-1,60E+00;;
284;-2,00E-02;-1,44E+00;;
285;-2,00E-02;-1,44E+00;;
286;-2,00E-02;-1,28E+00;;
287;-2,00E-02;-1,28E+00;;
288;-2,40E-02;-1,20E+00;;
289;-2,40E-02;-1,20E+00;;
290;-2,40E-02;-1,04E+00;;
291;-2,40E-02;-1,04E+00;;
292;-2,20E-02;-9,60E-01;;
293;-2,20E-02;-9,60E-01;;
294;-2,60E-02;-8,80E-01;;
295;-2,60E-02;-8,80E-01;;
296;-3,00E-02;-7,20E-01;;
297;-3,00E-02;-7,20E-01;;
298;-2,80E-02;-5,60E-01;;
299;-2,80E-02;-5,60E-01;;
300;-3,00E-02;-4,80E-01;;
301;-3,00E-02;-4,80E-01;;
302;-3,40E-02;-3,20E-01;;
303;-3,40E-02;-3,20E-01;;
304;-3,60E-02;-2,40E-01;;
305;-3,60E-02;-2,40E-01;;
306;-4,00E-02;-8,00E-02;;
307;-4,00E-02;-8,00E-02;;
308;-4,20E-02;0,00E+00;;
309;-4,20E-02;0,00E+00;;
310;-4,20E-02;1,60E-01;;
311;-4,20E-02;1,60E-01;;
312;-4,60E-02;3,20E-01;;
313;-4,60E-02;3,20E-01;;
314;-4,80E-02;4,00E-01;;
315;-4,80E-02;4,00E-01;;
316;-4,80E-02;4,80E-01;;
317;-4,80E-02;4,80E-01;;
318;-4,80E-02;6,40E-01;;
319;-4,80E-02;6,40E-01;;
320;-5,40E-02;8,00E-01;;
321;-5,40E-02;8,00E-01;;
322;-5,80E-02;8,80E-01;;
323;-5,80E-02;8,80E-01;;
324;-6,40E-02;1,04E+00;;
325;-6,40E-02;1,04E+00;;
326;-7,00E-02;1,12E+00;;
327;-7,00E-02;1,12E+00;;
328;-7,20E-02;1,28E+00;;
329;-7,20E-02;1,28E+00;;
330;-7,80E-02;1,44E+00;;
331;-7,80E-02;1,44E+00;;
332;-8,20E-02;1,52E+00;;
333;-8,20E-02;1,52E+00;;
334;-8,60E-02;1,60E+00;;
335;-8,60E-02;1,60E+00;;
336;-9,00E-02;1,76E+00;;
337;-9,00E-02;1,76E+00;;
338;-9,40E-02;1,84E+00;;
339;-9,40E-02;1,84E+00;;
340;-1,06E-01;2,00E+00;;
341;-1,06E-01;2,00E+00;;
342;-1,40E-01;2,08E+00;;
343;-1,40E-01;2,08E+00;;
344;-1,84E-01;2,24E+00;;
345;-1,84E-01;2,24E+00;;
346;-1,92E-01;2,32E+00;;
347;-1,92E-01;2,32E+00;;
348;-1,76E-01;2,48E+00;;
349;-1,76E-01;2,48E+00;;
350;-1,56E-01;2,56E+00;;
351;-1,56E-01;2,56E+00;;
352;-1,34E-01;2,72E+00;;
353;-1,34E-01;2,72E+00;;
354;-1,14E-01;2,72E+00;;
355;-1,14E-01;2,72E+00;;
356;-9,60E-02;2,88E+00;;
357;-9,60E-02;2,88E+00;;
358;-7,80E-02;2,96E+00;;
359;-7,80E-02;2,96E+00;;
360;-6,20E-02;3,04E+00;;
361;-6,20E-02;3,04E+00;;
362;-5,20E-02;3,12E+00;;
363;-5,20E-02;3,12E+00;;
364;-4,00E-02;3,20E+00;;
365;-4,00E-02;3,20E+00;;
366;-2,80E-02;3,36E+00;;
367;-2,80E-02;3,36E+00;;
368;-2,20E-02;3,36E+00;;
369;-2,20E-02;3,36E+00;;
370;-1,60E-02;3,52E+00;;
371;-1,60E-02;3,52E+00;;
372;-1,20E-02;3,60E+00;;
373;-1,20E-02;3,60E+00;;
374;-1,20E-02;3,68E+00;;
375;-1,20E-02;3,68E+00;;
376;-1,00E-02;3,76E+00;;
377;-1,00E-02;3,76E+00;;
378;-6,00E-03;3,84E+00;;
379;-6,00E-03;3,84E+00;;
380;-8,00E-03;3,92E+00;;
381;-8,00E-03;3,92E+00;;
382;-6,00E-03;4,00E+00;;
383;-6,00E-03;4,00E+00;;
384;-4,00E-03;4,00E+00;;
385;-4,00E-03;4,00E+00;;
386;-6,00E-03;4,08E+00;;
387;-6,00E-03;4,08E+00;;
388;-4,00E-03;4,16E+00;;
389;-4,00E-03;4,16E+00;;
390;0,00E+00;4,24E+00;;
391;0,00E+00;4,24E+00;;
392;0,00E+00;4,32E+00;;
393;0,00E+00;4,32E+00;;
394;-2,00E-03;4,32E+00;;
395;-2,00E-03;4,32E+00;;
396;-2,00E-03;4,40E+00;;
397;-2,00E-03;4,40E+00;;
398;-4,00E-03;4,48E+00;;
399;-4,00E-03;4,48E+00;;
400;-2,00E-03;4,48E+00;;
401;-2,00E-03;4,48E+00;;
402;0,00E+00;4,56E+00;;
403;0,00E+00;4,56E+00;;
404;-2,00E-03;4,64E+00;;
405;-2,00E-03;4,64E+00;;
406;-2,00E-03;4,64E+00;;
407;-2,00E-03;4,64E+00;;
408;0,00E+00;4,72E+00;;
409;0,00E+00;4,72E+00;;
410;0,00E+00;4,72E+00;;
411;0,00E+00;4,72E+00;;
412;0,00E+00;4,80E+00;;
413;0,00E+00;4,80E+00;;
414;2,00E-03;4,80E+00;;
415;2,00E-03;4,80E+00;;
416;0,00E+00;4,80E+00;;
417;0,00E+00;4,80E+00;;
418;0,00E+00;4,88E+00;;
419;0,00E+00;4,88E+00;;
420;2,00E-03;4,88E+00;;
421;2,00E-03;4,88E+00;;
422;0,00E+00;4,88E+00;;
423;0,00E+00;4,88E+00;;
424;0,00E+00;4,88E+00;;
425;0,00E+00;4,88E+00;;
426;4,00E-03;4,88E+00;;
427;4,00E-03;4,88E+00;;
428;2,00E-03;4,88E+00;;
429;2,00E-03;4,88E+00;;
430;0,00E+00;4,96E+00;;
431;0,00E+00;4,96E+00;;
432;2,00E-03;4,88E+00;;
433;2,00E-03;4,88E+00;;
434;2,00E-03;4,88E+00;;
435;2,00E-03;4,88E+00;;
436;2,00E-03;4,88E+00;;
437;2,00E-03;4,88E+00;;
438;2,00E-03;4,88E+00;;
439;2,00E-03;4,88E+00;;
440;2,00E-03;4,88E+00;;
441;2,00E-03;4,88E+00;;
442;2,00E-03;4,96E+00;;
443;2,00E-03;4,96E+00;;
444;6,00E-03;4,88E+00;;
445;6,00E-03;4,88E+00;;
446;4,00E-03;4,88E+00;;
447;4,00E-03;4,88E+00;;
448;0,00E+00;4,80E+00;;
449;0,00E+00;4,80E+00;;
450;2,00E-03;4,80E+00;;
451;2,00E-03;4,80E+00;;
452;2,00E-03;4,80E+00;;
453;2,00E-03;4,80E+00;;
454;2,00E-03;4,72E+00;;
455;2,00E-03;4,72E+00;;
456;2,00E-03;4,72E+00;;
457;2,00E-03;4,72E+00;;
458;2,00E-03;4,64E+00;;
459;2,00E-03;4,64E+00;;
460;2,00E-03;4,64E+00;;
461;2,00E-03;4,64E+00;;
462;6,00E-03;4,56E+00;;
463;6,00E-03;4,56E+00;;
464;4,00E-03;4,56E+00;;
465;4,00E-03;4,56E+00;;
466;2,00E-03;4,48E+00;;
467;2,00E-03;4,48E+00;;
468;4,00E-03;4,48E+00;;
469;4,00E-03;4,48E+00;;
470;4,00E-03;4,40E+00;;
471;4,00E-03;4,40E+00;;
472;4,00E-03;4,32E+00;;
473;4,00E-03;4,32E+00;;
474;6,00E-03;4,24E+00;;
475;6,00E-03;4,24E+00;;
476;6,00E-03;4,16E+00;;
477;6,00E-03;4,16E+00;;
478;4,00E-03;4,08E+00;;
479;4,00E-03;4,08E+00;;
480;6,00E-03;4,08E+00;;
481;6,00E-03;4,08E+00;;
482;4,00E-03;4,00E+00;;
483;4,00E-03;4,00E+00;;
484;4,00E-03;3,92E+00;;
485;4,00E-03;3,92E+00;;
486;6,00E-03;3,84E+00;;
487;6,00E-03;3,84E+00;;
488;6,00E-03;3,68E+00;;
489;6,00E-03;3,68E+00;;
490;4,00E-03;3,68E+00;;
491;4,00E-03;3,68E+00;;
492;6,00E-03;3,60E+00;;
493;6,00E-03;3,60E+00;;
494;8,00E-03;3,52E+00;;
495;8,00E-03;3,52E+00;;
496;8,00E-03;3,36E+00;;
497;8,00E-03;3,36E+00;;
498;8,00E-03;3,28E+00;;
499;8,00E-03;3,28E+00;;
500;8,00E-03;3,20E+00;;
501;8,00E-03;3,20E+00;;
502;6,00E-03;3,12E+00;;
503;6,00E-03;3,12E+00;;
504;8,00E-03;3,04E+00;;
505;8,00E-03;3,04E+00;;
506;8,00E-03;2,96E+00;;
507;8,00E-03;2,96E+00;;
508;6,00E-03;2,88E+00;;
509;6,00E-03;2,88E+00;;
510;8,00E-03;2,72E+00;;
511;8,00E-03;2,72E+00;;
512;1,00E-02;2,64E+00;;
513;1,00E-02;2,64E+00;;
514;1,00E-02;2,48E+00;;
515;1,00E-02;2,48E+00;;
516;1,20E-02;2,40E+00;;
517;1,20E-02;2,40E+00;;
518;1,20E-02;2,24E+00;;
519;1,20E-02;2,24E+00;;
520;1,00E-02;2,16E+00;;
521;1,00E-02;2,16E+00;;
522;1,20E-02;2,08E+00;;
523;1,20E-02;2,08E+00;;
524;1,40E-02;1,92E+00;;
525;1,40E-02;1,92E+00;;
526;1,20E-02;1,84E+00;;
527;1,20E-02;1,84E+00;;
528;1,40E-02;1,68E+00;;
529;1,40E-02;1,68E+00;;
530;1,60E-02;1,60E+00;;
531;1,60E-02;1,60E+00;;
532;1,40E-02;1,52E+00;;
533;1,40E-02;1,52E+00;;
534;1,60E-02;1,36E+00;;
535;1,60E-02;1,36E+00;;
536;1,80E-02;1,28E+00;;
537;1,80E-02;1,28E+00;;
538;1,60E-02;1,12E+00;;
539;1,60E-02;1,12E+00;;
540;1,80E-02;1,04E+00;;
541;1,80E-02;1,04E+00;;
542;2,00E-02;9,60E-01;;
543;2,00E-02;9,60E-01;;
544;1,80E-02;7,20E-01;;
545;1,80E-02;7,20E-01;;
546;2,20E-02;6,40E-01;;
547;2,20E-02;6,40E-01;;
548;2,40E-02;5,60E-01;;
549;2,40E-02;5,60E-01;;
550;2,20E-02;4,00E-01;;
551;2,20E-02;4,00E-01;;
552;2,20E-02;2,40E-01;;
553;2,20E-02;2,40E-01;;
554;2,60E-02;1,60E-01;;
555;2,60E-02;1,60E-01;;
556;2,60E-02;0,00E+00;;
557;2,60E-02;0,00E+00;;
558;2,60E-02;-8,00E-02;;
559;2,60E-02;-8,00E-02;;
560;2,80E-02;-2,40E-01;;
561;2,80E-02;-2,40E-01;;
562;2,80E-02;-3,20E-01;;
563;2,80E-02;-3,20E-01;;
564;3,20E-02;-4,80E-01;;
565;3,20E-02;-4,80E-01;;
566;3,60E-02;-5,60E-01;;
567;3,60E-02;-5,60E-01;;
568;3,60E-02;-7,20E-01;;
569;3,60E-02;-7,20E-01;;
570;3,80E-02;-8,00E-01;;
571;3,80E-02;-8,00E-01;;
572;4,40E-02;-9,60E-01;;
573;4,40E-02;-9,60E-01;;
574;4,60E-02;-1,04E+00;;
575;4,60E-02;-1,04E+00;;
576;5,00E-02;-1,20E+00;;
577;5,00E-02;-1,20E+00;;
578;5,80E-02;-1,28E+00;;
579;5,80E-02;-1,28E+00;;
580;6,40E-02;-1,44E+00;;
581;6,40E-02;-1,44E+00;;
582;6,80E-02;-1,60E+00;;
583;6,80E-02;-1,60E+00;;
584;7,20E-02;-1,68E+00;;
585;7,20E-02;-1,68E+00;;
586;7,40E-02;-1,84E+00;;
587;7,40E-02;-1,84E+00;;
588;7,80E-02;-1,92E+00;;
589;7,80E-02;-1,92E+00;;
590;8,40E-02;-2,08E+00;;
591;8,40E-02;-2,08E+00;;
592;8,80E-02;-2,16E+00;;
593;8,80E-02;-2,16E+00;;
594;9,40E-02;-2,24E+00;;
595;9,40E-02;-2,24E+00;;
596;1,04E-01;-2,40E+00;;
597;1,04E-01;-2,40E+00;;
598;1,22E-01;-2,48E+00;;
599;1,22E-01;-2,48E+00;;
600;1,46E-01;-2,64E+00;;
601;1,46E-01;-2,64E+00;;
602;1,68E-01;-2,72E+00;;
603;1,68E-01;-2,72E+00;;
604;1,74E-01;-2,80E+00;;
605;1,74E-01;-2,80E+00;;
606;1,64E-01;-2,96E+00;;
607;1,64E-01;-2,96E+00;;
608;1,48E-01;-3,04E+00;;
609;1,48E-01;-3,04E+00;;
610;1,26E-01;-3,20E+00;;
611;1,26E-01;-3,20E+00;;
612;1,04E-01;-3,20E+00;;
613;1,04E-01;-3,20E+00;;
614;9,20E-02;-3,28E+00;;
615;9,20E-02;-3,28E+00;;
616;7,80E-02;-3,36E+00;;
617;7,80E-02;-3,36E+00;;
618;6,00E-02;-3,52E+00;;
619;6,00E-02;-3,52E+00;;
620;5,00E-02;-3,60E+00;;
621;5,00E-02;-3,60E+00;;
622;3,80E-02;-3,68E+00;;
623;3,80E-02;-3,68E+00;;
624;2,60E-02;-3,76E+00;;
625;2,60E-02;-3,76E+00;;
626;2,00E-02;-3,84E+00;;
627;2,00E-02;-3,84E+00;;
628;1,40E-02;-3,92E+00;;
629;1,40E-02;-3,92E+00;;
630;1,00E-02;-4,00E+00;;
631;1,00E-02;-4,00E+00;;
632;1,00E-02;-4,00E+00;;
633;1,00E-02;-4,00E+00;;
634;6,00E-03;-4,16E+00;;
635;6,00E-03;-4,16E+00;;
636;4,00E-03;-4,16E+00;;
637;4,00E-03;-4,16E+00;;
638;4,00E-03;-4,24E+00;;
639;4,00E-03;-4,24E+00;;
640;6,00E-03;-4,32E+00;;
641;6,00E-03;-4,32E+00;;
642;2,00E-03;-4,40E+00;;
643;2,00E-03;-4,40E+00;;
644;2,00E-03;-4,48E+00;;
645;2,00E-03;-4,48E+00;;
646;0,00E+00;-4,48E+00;;
647;0,00E+00;-4,48E+00;;
648;-2,00E-03;-4,56E+00;;
649;-2,00E-03;-4,56E+00;;
650;0,00E+00;-4,56E+00;;
651;0,00E+00;-4,56E+00;;
652;2,00E-03;-4,72E+00;;
653;2,00E-03;-4,72E+00;;
654;-2,00E-03;-4,72E+00;;
655;-2,00E-03;-4,72E+00;;
656;0,00E+00;-4,80E+00;;
657;0,00E+00;-4,80E+00;;
658;2,00E-03;-4,72E+00;;
659;2,00E-03;-4,72E+00;;
660;-2,00E-03;-4,88E+00;;
661;-2,00E-03;-4,88E+00;;
662;-2,00E-03;-4,88E+00;;
663;-2,00E-03;-4,88E+00;;
664;0,00E+00;-4,88E+00;;
665;0,00E+00;-4,88E+00;;
666;-4,00E-03;-4,96E+00;;
667;-4,00E-03;-4,96E+00;;
668;-2,00E-03;-4,96E+00;;
669;-2,00E-03;-4,96E+00;;
670;-2,00E-03;-4,96E+00;;
671;-2,00E-03;-4,96E+00;;
672;-4,00E-03;-4,96E+00;;
673;-4,00E-03;-4,96E+00;;
674;-2,00E-03;-4,96E+00;;
675;-2,00E-03;-4,96E+00;;
676;-2,00E-03;-4,96E+00;;
677;-2,00E-03;-4,96E+00;;
678;-4,00E-03;-5,04E+00;;
679;-4,00E-03;-5,04E+00;;
680;-4,00E-03;-5,04E+00;;
681;-4,00E-03;-5,04E+00;;
682;-2,00E-03;-5,04E+00;;
683;-2,00E-03;-5,04E+00;;
684;-4,00E-03;-5,04E+00;;
685;-4,00E-03;-5,04E+00;;
686;-4,00E-03;-4,96E+00;;
687;-4,00E-03;-4,96E+00;;
688;-2,00E-03;-4,96E+00;;
689;-2,00E-03;-4,96E+00;;
690;-2,00E-03;-4,96E+00;;
691;-2,00E-03;-4,96E+00;;
692;0,00E+00;-4,96E+00;;
693;0,00E+00;-4,96E+00;;
694;0,00E+00;-4,96E+00;;
695;0,00E+00;-4,96E+00;;
696;-6,00E-03;-4,96E+00;;
697;-6,00E-03;-4,96E+00;;
698;-4,00E-03;-4,88E+00;;
699;-4,00E-03;-4,88E+00;;
700;-2,00E-03;-4,80E+00;;
701;-2,00E-03;-4,80E+00;;
702;-6,00E-03;-4,88E+00;;
703;-6,00E-03;-4,88E+00;;
704;-6,00E-03;-4,80E+00;;
705;-6,00E-03;-4,80E+00;;
706;-4,00E-03;-4,72E+00;;
707;-4,00E-03;-4,72E+00;;
708;-4,00E-03;-4,72E+00;;
709;-4,00E-03;-4,72E+00;;
710;-4,00E-03;-4,64E+00;;
711;-4,00E-03;-4,64E+00;;
712;-4,00E-03;-4,64E+00;;
713;-4,00E-03;-4,64E+00;;
714;-6,00E-03;-4,56E+00;;
715;-6,00E-03;-4,56E+00;;
716;-6,00E-03;-4,56E+00;;
717;-6,00E-03;-4,56E+00;;
718;-4,00E-03;-4,48E+00;;
719;-4,00E-03;-4,48E+00;;
720;-6,00E-03;-4,48E+00;;
721;-6,00E-03;-4,48E+00;;
722;-8,00E-03;-4,40E+00;;
723;-8,00E-03;-4,40E+00;;
724;-4,00E-03;-4,24E+00;;
725;-4,00E-03;-4,24E+00;;
726;-6,00E-03;-4,24E+00;;
727;-6,00E-03;-4,24E+00;;
728;-8,00E-03;-4,16E+00;;
729;-8,00E-03;-4,16E+00;;
730;-8,00E-03;-4,16E+00;;
731;-8,00E-03;-4,16E+00;;
732;-8,00E-03;-4,08E+00;;
733;-8,00E-03;-4,08E+00;;
734;-8,00E-03;-3,92E+00;;
735;-8,00E-03;-3,92E+00;;
736;-6,00E-03;-3,92E+00;;
737;-6,00E-03;-3,92E+00;;
738;-1,00E-02;-3,84E+00;;
739;-1,00E-02;-3,84E+00;;
740;-8,00E-03;-3,76E+00;;
741;-8,00E-03;-3,76E+00;;
742;-6,00E-03;-3,68E+00;;
743;-6,00E-03;-3,68E+00;;
744;-8,00E-03;-3,52E+00;;
745;-8,00E-03;-3,52E+00;;
746;-1,00E-02;-3,52E+00;;
747;-1,00E-02;-3,52E+00;;
748;-1,00E-02;-3,36E+00;;
749;-1,00E-02;-3,36E+00;;
750;-1,00E-02;-3,28E+00;;
751;-1,00E-02;-3,28E+00;;
752;-1,20E-02;-3,20E+00;;
753;-1,20E-02;-3,20E+00;;
754;-1,00E-02;-3,12E+00;;
755;-1,00E-02;-3,12E+00;;
756;-1,20E-02;-3,04E+00;;
757;-1,20E-02;-3,04E+00;;
758;-1,40E-02;-2,88E+00;;
759;-1,40E-02;-2,88E+00;;
760;-1,20E-02;-2,80E+00;;
761;-1,20E-02;-2,80E+00;;
762;-1,20E-02;-2,72E+00;;
763;-1,20E-02;-2,72E+00;;
764;-1,60E-02;-2,56E+00;;
765;-1,60E-02;-2,56E+00;;
766;-1,20E-02;-2,48E+00;;
767;-1,20E-02;-2,48E+00;;
768;-1,20E-02;-2,40E+00;;
769;-1,20E-02;-2,40E+00;;
770;-1,40E-02;-2,24E+00;;
771;-1,40E-02;-2,24E+00;;
772;-1,40E-02;-2,16E+00;;
773;-1,40E-02;-2,16E+00;;
774;-1,60E-02;-2,00E+00;;
775;-1,60E-02;-2,00E+00;;
776;-1,80E-02;-1,92E+00;;
777;-1,80E-02;-1,92E+00;;
778;-1,60E-02;-1,84E+00;;
779;-1,60E-02;-1,84E+00;;
780;-1,80E-02;-1,68E+00;;
781;-1,80E-02;-1,68E+00;;
782;-2,00E-02;-1,60E+00;;
783;-2,00E-02;-1,60E+00;;
784;-2,00E-02;-1,44E+00;;
785;-2,00E-02;-1,44E+00;;
786;-2,00E-02;-1,36E+00;;
787;-2,00E-02;-1,36E+00;;
788;-2,20E-02;-1,20E+00;;
789;-2,20E-02;-1,20E+00;;
790;-2,20E-02;-1,04E+00;;
791;-2,20E-02;-1,04E+00;;
792;-2,20E-02;-9,60E-01;;
793;-2,20E-02;-9,60E-01;;
794;-2,60E-02;-8,80E-01;;
795;-2,60E-02;-8,80E-01;;
796;-2,60E-02;-7,20E-01;;
797;-2,60E-02;-7,20E-01;;
798;-2,80E-02;-5,60E-01;;
799;-2,80E-02;-5,60E-01;;
800;-3,40E-02;-4,80E-01;;
801;-3,40E-02;-4,80E-01;;
802;-3,40E-02;-3,20E-01;;
803;-3,40E-02;-3,20E-01;;
804;-3,60E-02;-2,40E-01;;
805;-3,60E-02;-2,40E-01;;
806;-4,00E-02;-8,00E-02;;
807;-4,00E-02;-8,00E-02;;
808;-4,00E-02;0,00E+00;;
809;-4,00E-02;0,00E+00;;
810;-4,20E-02;1,60E-01;;
811;-4,20E-02;1,60E-01;;
812;-4,60E-02;3,20E-01;;
813;-4,60E-02;3,20E-01;;
814;-4,80E-02;4,00E-01;;
815;-4,80E-02;4,00E-01;;
816;-4,60E-02;5,60E-01;;
817;-4,60E-02;5,60E-01;;
818;-5,00E-02;6,40E-01;;
819;-5,00E-02;6,40E-01;;
820;-5,20E-02;8,00E-01;;
821;-5,20E-02;8,00E-01;;
822;-5,60E-02;8,80E-01;;
823;-5,60E-02;8,80E-01;;
824;-6,40E-02;1,04E+00;;
825;-6,40E-02;1,04E+00;;
826;-6,80E-02;1,12E+00;;
827;-6,80E-02;1,12E+00;;
828;-7,00E-02;1,28E+00;;
829;-7,00E-02;1,28E+00;;
830;-7,60E-02;1,36E+00;;
831;-7,60E-02;1,36E+00;;
832;-8,00E-02;1,52E+00;;
833;-8,00E-02;1,52E+00;;
834;-8,60E-02;1,68E+00;;
835;-8,60E-02;1,68E+00;;
836;-9,00E-02;1,76E+00;;
837;-9,00E-02;1,76E+00;;
838;-9,20E-02;1,84E+00;;
839;-9,20E-02;1,84E+00;;
840;-1,06E-01;2,00E+00;;
841;-1,06E-01;2,00E+00;;
842;-1,44E-01;2,16E+00;;
843;-1,44E-01;2,16E+00;;
844;-1,80E-01;2,24E+00;;
845;-1,80E-01;2,24E+00;;
846;-1,88E-01;2,32E+00;;
847;-1,88E-01;2,32E+00;;
848;-1,76E-01;2,48E+00;;
849;-1,76E-01;2,48E+00;;
850;-1,58E-01;2,56E+00;;
851;-1,58E-01;2,56E+00;;
852;-1,34E-01;2,64E+00;;
853;-1,34E-01;2,64E+00;;
854;-1,14E-01;2,72E+00;;
855;-1,14E-01;2,72E+00;;
856;-9,40E-02;2,88E+00;;
857;-9,40E-02;2,88E+00;;
858;-7,80E-02;2,96E+00;;
859;-7,80E-02;2,96E+00;;
860;-6,40E-02;3,04E+00;;
861;-6,40E-02;3,04E+00;;
862;-5,00E-02;3,12E+00;;
863;-5,00E-02;3,12E+00;;
864;-3,80E-02;3,20E+00;;
865;-3,80E-02;3,20E+00;;
866;-3,00E-02;3,28E+00;;
867;-3,00E-02;3,28E+00;;
868;-2,20E-02;3,44E+00;;
869;-2,20E-02;3,44E+00;;
870;-1,40E-02;3,52E+00;;
871;-1,40E-02;3,52E+00;;
872;-1,20E-02;3,60E+00;;
873;-1,20E-02;3,60E+00;;
874;-1,20E-02;3,68E+00;;
875;-1,20E-02;3,68E+00;;
876;-8,00E-03;3,68E+00;;
877;-8,00E-03;3,68E+00;;
878;-6,00E-03;3,84E+00;;
879;-6,00E-03;3,84E+00;;
880;-6,00E-03;3,92E+00;;
881;-6,00E-03;3,92E+00;;
882;-2,00E-03;3,92E+00;;
883;-2,00E-03;3,92E+00;;
884;-2,00E-03;4,00E+00;;
885;-2,00E-03;4,00E+00;;
886;-2,00E-03;4,08E+00;;
887;-2,00E-03;4,08E+00;;
888;0,00E+00;4,16E+00;;
889;0,00E+00;4,16E+00;;
890;0,00E+00;4,24E+00;;
891;0,00E+00;4,24E+00;;
892;-2,00E-03;4,32E+00;;
893;-2,00E-03;4,32E+00;;
894;0,00E+00;4,40E+00;;
895;0,00E+00;4,40E+00;;
896;-2,00E-03;4,40E+00;;
897;-2,00E-03;4,40E+00;;
898;-2,00E-03;4,48E+00;;
899;-2,00E-03;4,48E+00;;
900;0,00E+00;4,56E+00;;
901;0,00E+00;4,56E+00;;
902;0,00E+00;4,56E+00;;
903;0,00E+00;4,56E+00;;
904;0,00E+00;4,64E+00;;
905;0,00E+00;4,64E+00;;
906;0,00E+00;4,64E+00;;
907;0,00E+00;4,64E+00;;
908;0,00E+00;4,72E+00;;
909;0,00E+00;4,72E+00;;
910;0,00E+00;4,72E+00;;
911;0,00E+00;4,72E+00;;
912;2,00E-03;4,80E+00;;
913;2,00E-03;4,80E+00;;
914;2,00E-03;4,80E+00;;
915;2,00E-03;4,80E+00;;
916;-2,00E-03;4,80E+00;;
917;-2,00E-03;4,80E+00;;
918;0,00E+00;4,88E+00;;
919;0,00E+00;4,88E+00;;
920;2,00E-03;4,88E+00;;
921;2,00E-03;4,88E+00;;
922;2,00E-03;4,88E+00;;
923;2,00E-03;4,88E+00;;
924;2,00E-03;4,88E+00;;
925;2,00E-03;4,88E+00;;
926;2,00E-03;4,88E+00;;
927;2,00E-03;4,88E+00;;
928;2,00E-03;4,88E+00;;
929;2,00E-03;4,88E+00;;
930;4,00E-03;4,96E+00;;
931;4,00E-03;4,96E+00;;
932;2,00E-03;4,88E+00;;
933;2,00E-03;4,88E+00;;
934;2,00E-03;4,96E+00;;
935;2,00E-03;4,96E+00;;
936;4,00E-03;4,88E+00;;
937;4,00E-03;4,88E+00;;
938;6,00E-03;4,88E+00;;
939;6,00E-03;4,88E+00;;
940;6,00E-03;4,88E+00;;
941;6,00E-03;4,88E+00;;
942;6,00E-03;4,88E+00;;
943;6,00E-03;4,88E+00;;
944;4,00E-03;4,96E+00;;
945;4,00E-03;4,96E+00;;
946;2,00E-03;4,88E+00;;
947;2,00E-03;4,88E+00;;
948;4,00E-03;4,80E+00;;
949;4,00E-03;4,80E+00;;
950;4,00E-03;4,80E+00;;
951;4,00E-03;4,80E+00;;
952;2,00E-03;4,80E+00;;
953;2,00E-03;4,80E+00;;
954;4,00E-03;4,80E+00;;
955;4,00E-03;4,80E+00;;
956;6,00E-03;4,72E+00;;
957;6,00E-03;4,72E+00;;
958;4,00E-03;4,72E+00;;
959;4,00E-03;4,72E+00;;
960;4,00E-03;4,56E+00;;
961;4,00E-03;4,56E+00;;
962;6,00E-03;4,56E+00;;
963;6,00E-03;4,56E+00;;
964;4,00E-03;4,48E+00;;
965;4,00E-03;4,48E+00;;
966;6,00E-03;4,48E+00;;
967;6,00E-03;4,48E+00;;
968;4,00E-03;4,40E+00;;
969;4,00E-03;4,40E+00;;
970;2,00E-03;4,32E+00;;
971;2,00E-03;4,32E+00;;
972;6,00E-03;4,32E+00;;
973;6,00E-03;4,32E+00;;
974;8,00E-03;4,24E+00;;
975;8,00E-03;4,24E+00;;
976;4,00E-03;4,16E+00;;
977;4,00E-03;4,16E+00;;
978;4,00E-03;4,16E+00;;
979;4,00E-03;4,16E+00;;
980;8,00E-03;4,08E+00;;
981;8,00E-03;4,08E+00;;
982;6,00E-03;4,00E+00;;
983;6,00E-03;4,00E+00;;
984;6,00E-03;3,92E+00;;
985;6,00E-03;3,92E+00;;
986;8,00E-03;3,76E+00;;
987;8,00E-03;3,76E+00;;
988;6,00E-03;3,68E+00;;
989;6,00E-03;3,68E+00;;
990;8,00E-03;3,68E+00;;
991;8,00E-03;3,68E+00;;
992;1,00E-02;3,60E+00;;
993;1,00E-02;3,60E+00;;
994;6,00E-03;3,52E+00;;
995;6,00E-03;3,52E+00;;
996;8,00E-03;3,36E+00;;
997;8,00E-03;3,36E+00;;
998;1,00E-02;3,28E+00;;
999;1,00E-02;3,28E+00;;
1000;8,00E-03;3,20E+00;;
1001;8,00E-03;3,20E+00;;
1002;8,00E-03;3,12E+00;;
1003;8,00E-03;3,12E+00;;
1004;1,00E-02;3,04E+00;;
1005;1,00E-02;3,04E+00;;
1006;8,00E-03;2,96E+00;;
1007;8,00E-03;2,96E+00;;
1008;8,00E-03;2,88E+00;;
1009;8,00E-03;2,88E+00;;
1010;1,00E-02;2,72E+00;;
1011;1,00E-02;2,72E+00;;
1012;1,00E-02;2,64E+00;;
1013;1,00E-02;2,64E+00;;
1014;1,00E-02;2,56E+00;;
1015;1,00E-02;2,56E+00;;
1016;1,20E-02;2,40E+00;;
1017;1,20E-02;2,40E+00;;
1018;1,20E-02;2,32E+00;;
1019;1,20E-02;2,32E+00;;
1020;1,20E-02;2,16E+00;;
1021;1,20E-02;2,16E+00;;
1022;1,40E-02;2,08E+00;;
1023;1,40E-02;2,08E+00;;
1024;1,20E-02;1,92E+00;;
1025;1,20E-02;1,92E+00;;
1026;1,20E-02;1,84E+00;;
1027;1,20E-02;1,84E+00;;
1028;1,40E-02;1,76E+00;;
1029;1,40E-02;1,76E+00;;
1030;1,40E-02;1,60E+00;;
1031;1,40E-02;1,60E+00;;
1032;1,40E-02;1,52E+00;;
1033;1,40E-02;1,52E+00;;
1034;1,80E-02;1,36E+00;;
1035;1,80E-02;1,36E+00;;
1036;1,80E-02;1,28E+00;;
1037;1,80E-02;1,28E+00;;
1038;1,80E-02;1,12E+00;;
1039;1,80E-02;1,12E+00;;
1040;2,00E-02;1,04E+00;;
1041;2,00E-02;1,04E+00;;
1042;2,00E-02;8,80E-01;;
1043;2,00E-02;8,80E-01;;
1044;2,00E-02;7,20E-01;;
1045;2,00E-02;7,20E-01;;
1046;2,20E-02;6,40E-01;;
1047;2,20E-02;6,40E-01;;
1048;2,20E-02;4,80E-01;;
1049;2,20E-02;4,80E-01;;
1050;2,00E-02;4,00E-01;;
1051;2,00E-02;4,00E-01;;
1052;2,20E-02;3,20E-01;;
1053;2,20E-02;3,20E-01;;
1054;2,40E-02;1,60E-01;;
1055;2,40E-02;1,60E-01;;
1056;2,40E-02;8,00E-02;;
1057;2,40E-02;8,00E-02;;
1058;2,80E-02;-8,00E-02;;
1059;2,80E-02;-8,00E-02;;
1060;2,80E-02;-2,40E-01;;
1061;2,80E-02;-2,40E-01;;
1062;3,00E-02;-3,20E-01;;
1063;3,00E-02;-3,20E-01;;
1064;3,40E-02;-4,80E-01;;
1065;3,40E-02;-4,80E-01;;
1066;3,60E-02;-5,60E-01;;
1067;3,60E-02;-5,60E-01;;
1068;3,60E-02;-7,20E-01;;
1069;3,60E-02;-7,20E-01;;
1070;4,20E-02;-8,80E-01;;
1071;4,20E-02;-8,80E-01;;
1072;4,40E-02;-9,60E-01;;
1073;4,40E-02;-9,60E-01;;
1074;4,60E-02;-1,04E+00;;
1075;4,60E-02;-1,04E+00;;
1076;5,40E-02;-1,20E+00;;
1077;5,40E-02;-1,20E+00;;
1078;6,00E-02;-1,36E+00;;
1079;6,00E-02;-1,36E+00;;
1080;6,20E-02;-1,44E+00;;
1081;6,20E-02;-1,44E+00;;
1082;7,00E-02;-1,60E+00;;
1083;7,00E-02;-1,60E+00;;
1084;7,40E-02;-1,68E+00;;
1085;7,40E-02;-1,68E+00;;
1086;7,40E-02;-1,76E+00;;
1087;7,40E-02;-1,76E+00;;
1088;7,80E-02;-1,92E+00;;
1089;7,80E-02;-1,92E+00;;
1090;8,40E-02;-2,00E+00;;
1091;8,40E-02;-2,00E+00;;
1092;8,80E-02;-2,16E+00;;
1093;8,80E-02;-2,16E+00;;
1094;9,60E-02;-2,24E+00;;
1095;9,60E-02;-2,24E+00;;
1096;1,04E-01;-2,40E+00;;
1097;1,04E-01;-2,40E+00;;
1098;1,18E-01;-2,48E+00;;
1099;1,18E-01;-2,48E+00;;
1100;1,46E-01;-2,64E+00;;
1101;1,46E-01;-2,64E+00;;
1102;1,70E-01;-2,72E+00;;
1103;1,70E-01;-2,72E+00;;
1104;1,72E-01;-2,88E+00;;
1105;1,72E-01;-2,88E+00;;
1106;1,64E-01;-2,96E+00;;
1107;1,64E-01;-2,96E+00;;
1108;1,46E-01;-3,04E+00;;
1109;1,46E-01;-3,04E+00;;
1110;1,26E-01;-3,12E+00;;
1111;1,26E-01;-3,12E+00;;
1112;1,08E-01;-3,20E+00;;
1113;1,08E-01;-3,20E+00;;
1114;9,20E-02;-3,36E+00;;
1115;9,20E-02;-3,36E+00;;
1116;7,40E-02;-3,36E+00;;
1117;7,40E-02;-3,36E+00;;
1118;6,20E-02;-3,44E+00;;
1119;6,20E-02;-3,44E+00;;
1120;5,20E-02;-3,60E+00;;
1121;5,20E-02;-3,60E+00;;
1122;3,60E-02;-3,68E+00;;
1123;3,60E-02;-3,68E+00;;
1124;2,60E-02;-3,76E+00;;
1125;2,60E-02;-3,76E+00;;
1126;2,20E-02;-3,84E+00;;
1127;2,20E-02;-3,84E+00;;
1128;1,40E-02;-3,92E+00;;
1129;1,40E-02;-3,92E+00;;
1130;1,20E-02;-4,00E+00;;
1131;1,20E-02;-4,00E+00;;
1132;8,00E-03;-4,00E+00;;
1133;8,00E-03;-4,00E+00;;
1134;6,00E-03;-4,16E+00;;
1135;6,00E-03;-4,16E+00;;
1136;6,00E-03;-4,16E+00;;
1137;6,00E-03;-4,16E+00;;
1138;6,00E-03;-4,32E+00;;
1139;6,00E-03;-4,32E+00;;
1140;4,00E-03;-4,32E+00;;
1141;4,00E-03;-4,32E+00;;
1142;2,00E-03;-4,40E+00;;
1143;2,00E-03;-4,40E+00;;
1144;2,00E-03;-4,48E+00;;
1145;2,00E-03;-4,48E+00;;
1146;0,00E+00;-4,48E+00;;
1147;0,00E+00;-4,48E+00;;
1148;0,00E+00;-4,56E+00;;
1149;0,00E+00;-4,56E+00;;
1150;0,00E+00;-4,64E+00;;
1151;0,00E+00;-4,64E+00;;
1152;0,00E+00;-4,64E+00;;
1153;0,00E+00;-4,64E+00;;
1154;0,00E+00;-4,72E+00;;
1155;0,00E+00;-4,72E+00;;
1156;2,00E-03;-4,72E+00;;
1157;2,00E-03;-4,72E+00;;
1158;-2,00E-03;-4,80E+00;;
1159;-2,00E-03;-4,80E+00;;
1160;-2,00E-03;-4,88E+00;;
1161;-2,00E-03;-4,88E+00;;
1162;0,00E+00;-4,88E+00;;
1163;0,00E+00;-4,88E+00;;
1164;-2,00E-03;-4,88E+00;;
1165;-2,00E-03;-4,88E+00;;
1166;-2,00E-03;-4,88E+00;;
1167;-2,00E-03;-4,88E+00;;
1168;-2,00E-03;-4,96E+00;;
1169;-2,00E-03;-4,96E+00;;
1170;-2,00E-03;-4,96E+00;;
1171;-2,00E-03;-4,96E+00;;
1172;-2,00E-03;-4,96E+00;;
1173;-2,00E-03;-4,96E+00;;
1174;-2,00E-03;-4,96E+00;;
1175;-2,00E-03;-4,96E+00;;
1176;-2,00E-03;-4,96E+00;;
1177;-2,00E-03;-4,96E+00;;
1178;-4,00E-03;-5,04E+00;;
1179;-4,00E-03;-5,04E+00;;
1180;-2,00E-03;-4,96E+00;;
1181;-2,00E-03;-4,96E+00;;
1182;-4,00E-03;-5,04E+00;;
1183;-4,00E-03;-5,04E+00;;
1184;-6,00E-03;-5,04E+00;;
1185;-6,00E-03;-5,04E+00;;
1186;-2,00E-03;-5,04E+00;;
1187;-2,00E-03;-5,04E+00;;
1188;-4,00E-03;-4,96E+00;;
1189;-4,00E-03;-4,96E+00;;
1190;-2,00E-03;-4,88E+00;;
1191;-2,00E-03;-4,88E+00;;
1192;-2,00E-03;-4,88E+00;;
1193;-2,00E-03;-4,88E+00;;
1194;-2,00E-03;-4,88E+00;;
1195;-2,00E-03;-4,88E+00;;
1196;-4,00E-03;-4,88E+00;;
1197;-4,00E-03;-4,88E+00;;
1198;-4,00E-03;-4,88E+00;;
1199;-4,00E-03;-4,88E+00;;
